technology,airbending,source,DataManager@27.03.2019 13:31:40
@data
material,sheetThicknessMM,punchRadiusMM,dieWidthMM,angleDEG,bendDeductionTanMM,bendDeductionEdgeMM,radiusMM
QStE380TM,4,1,24,85.4,-7.62,-3.18,4
QStE380TM,4,1,24,89.3,-6.96,-6.71,3.4
QStE380TM,4,1,24,90,-6.85,-6.85,3.4
QStE380TM,4,1,24,92,-6.55,0,3.4
QStE380TM,4,1,24,95.7,-6.02,0,3.5
QStE380TM,4,1,24,99.8,-5.47,0,3.7
QStE380TM,4,1,24,104.9,-4.86,0,4.1
QStE380TM,4,1,24,105,-4.84,0,4.1
QStE380TM,4,1,24,108.4,-4.49,0,4.3
QStE380TM,4,1,24,112.5,-4.08,0,4.5
QStE380TM,4,1,24,117.1,-3.64,0,4.9
QStE380TM,4,1,24,120,-3.39,0,5.2
QStE380TM,4,1,24,121.8,-3.24,0,5.4
QStE380TM,4,1,24,126.4,-2.88,0,6.1
QStE380TM,4,1,24,132.1,-2.48,0,7.8
QStE380TM,4,1,24,135,-2.28,0,8
QStE380TM,4,1,24,137.5,-2.1,0,8.2
QStE380TM,4,1,24,142.5,-1.79,0,8.4
QStE380TM,4,1,24,147.5,-1.49,0,10.4
QStE380TM,4,1,24,150,-1.36,0,12.3
QStE380TM,4,1,24,152.4,-1.23,0,12.8
QStE380TM,4,1,24,157.3,-0.97,0,14.8
QStE380TM,4,1,24,162.2,-0.74,0,24.2
QStE380TM,4,1,24,167,-0.53,0,32.8
QStE380TM,4,1,24,171.7,-0.33,0,42.2
QStE380TM,4,1,24,176.8,-0.12,0,48
QStE380TM,5,4,30,87.3,-9.32,-8.16,5
QStE380TM,5,4,30,90,-8.82,-8.82,5.2
QStE380TM,5,4,30,90.6,-8.71,0,5.3
QStE380TM,5,4,30,93.7,-8.1,0,5.4
QStE380TM,5,4,30,97.1,-7.46,0,5.6
QStE380TM,5,4,30,100.9,-6.79,0,5.8
QStE380TM,5,4,30,104.3,-6.26,0,6
QStE380TM,5,4,30,105,-6.16,0,6
QStE380TM,5,4,30,107.9,-5.74,0,6.4
QStE380TM,5,4,30,111.5,-5.26,0,6.7
QStE380TM,5,4,30,115.2,-4.81,0,7
QStE380TM,5,4,30,119,-4.37,0,7.3
QStE380TM,5,4,30,120,-4.27,0,7.4
QStE380TM,5,4,30,122.8,-3.96,0,7.7
QStE380TM,5,4,30,126.7,-3.57,0,8.2
QStE380TM,5,4,30,130.6,-3.21,0,8.7
QStE380TM,5,4,30,134.5,-2.87,0,9.2
QStE380TM,5,4,30,135,-2.83,0,9.4
QStE380TM,5,4,30,138.5,-2.54,0,10.2
QStE380TM,5,4,30,142.7,-2.21,0,11
QStE380TM,5,4,30,146.7,-1.92,0,12.7
QStE380TM,5,4,30,150,-1.69,0,15.4
QStE380TM,5,4,30,150.7,-1.65,0,15.5
QStE380TM,5,4,30,154.6,-1.39,0,18.4
QStE380TM,5,4,30,158.5,-1.14,0,21.8
QStE380TM,5,4,30,162.4,-0.92,0,25.2
QStE380TM,5,4,30,166.3,-0.7,0,45.4
QStE380TM,5,4,30,170.2,-0.49,0,55.3
QStE380TM,5,4,30,174.1,-0.28,0,59
QStE380TM,5,4,30,177.6,-0.11,0,75
QStE380TM,5,4,40,88,-9.48,-8.53,5.7
QStE380TM,5,4,40,90,-9.1,-9.1,5.7
QStE380TM,5,4,40,90.3,-9.04,0,5.7
QStE380TM,5,4,40,92.2,-8.63,0,5.8
QStE380TM,5,4,40,94.4,-8.19,0,5.9
QStE380TM,5,4,40,96.6,-7.76,0,6.2
QStE380TM,5,4,40,98.9,-7.33,0,6.3
QStE380TM,5,4,40,101.2,-6.93,0,6.4
QStE380TM,5,4,40,103.5,-6.55,0,6.5
QStE380TM,5,4,40,105,-6.32,0,6.9
QStE380TM,5,4,40,106,-6.17,0,6.9
QStE380TM,5,4,40,108.5,-5.8,0,7.1
QStE380TM,5,4,40,110.9,-5.45,0,7.2
QStE380TM,5,4,40,113.4,-5.12,0,7.4
QStE380TM,5,4,40,116,-4.8,0,7.7
QStE380TM,5,4,40,118.6,-4.49,0,8
QStE380TM,5,4,40,120,-4.33,0,8.3
QStE380TM,5,4,40,121.3,-4.18,0,8.3
QStE380TM,5,4,40,124,-3.89,0,9
QStE380TM,5,4,40,126.7,-3.61,0,9.5
QStE380TM,5,4,40,129.5,-3.35,0,9.9
QStE380TM,5,4,40,132.3,-3.08,0,10.4
QStE380TM,5,4,40,135,-2.85,0,10.9
QStE380TM,5,4,40,135.2,-2.83,0,10.9
QStE380TM,5,4,40,138.1,-2.59,0,11.6
QStE380TM,5,4,40,141,-2.35,0,12.3
QStE380TM,5,4,40,143.9,-2.13,0,12.7
QStE380TM,5,4,40,146.8,-1.91,0,14
QStE380TM,5,4,40,149.7,-1.71,0,16.2
QStE380TM,5,4,40,150,-1.69,0,16.2
QStE380TM,5,4,40,152.6,-1.51,0,18.2
QStE380TM,5,4,40,155.6,-1.32,0,20.2
QStE380TM,5,4,40,158.5,-1.14,0,23.4
QStE380TM,5,4,40,161.4,-0.97,0,26.7
QStE380TM,5,4,40,164.3,-0.8,0,38.4
QStE380TM,5,4,40,167.2,-0.64,0,50.1
QStE380TM,5,4,40,170.1,-0.48,0,61.7
QStE380TM,5,4,40,173.2,-0.32,0,104.9
QStE380TM,5,4,40,176,-0.19,0,148.2
QStE380TM,5,4,40,178.8,-0.06,0,193
QStE380TM,5,4,41.5,88,-9.48,-8.53,5.7
QStE380TM,5,4,41.5,90,-9.1,-9.1,5.7
QStE380TM,5,4,41.5,90.3,-9.04,0,5.7
QStE380TM,5,4,41.5,92.2,-8.63,0,5.8
QStE380TM,5,4,41.5,94.4,-8.19,0,5.9
QStE380TM,5,4,41.5,96.6,-7.76,0,6.2
QStE380TM,5,4,41.5,98.9,-7.33,0,6.3
QStE380TM,5,4,41.5,101.2,-6.93,0,6.4
QStE380TM,5,4,41.5,103.5,-6.55,0,6.5
QStE380TM,5,4,41.5,105,-6.32,0,6.9
QStE380TM,5,4,41.5,106,-6.17,0,6.9
QStE380TM,5,4,41.5,108.5,-5.8,0,7.1
QStE380TM,5,4,41.5,110.9,-5.45,0,7.2
QStE380TM,5,4,41.5,113.4,-5.12,0,7.4
QStE380TM,5,4,41.5,116,-4.8,0,7.7
QStE380TM,5,4,41.5,118.6,-4.49,0,8
QStE380TM,5,4,41.5,120,-4.33,0,8.3
QStE380TM,5,4,41.5,121.3,-4.18,0,8.3
QStE380TM,5,4,41.5,124,-3.89,0,9
QStE380TM,5,4,41.5,126.7,-3.61,0,9.5
QStE380TM,5,4,41.5,129.5,-3.35,0,9.9
QStE380TM,5,4,41.5,132.3,-3.08,0,10.4
QStE380TM,5,4,41.5,135,-2.85,0,10.9
QStE380TM,5,4,41.5,135.2,-2.83,0,10.9
QStE380TM,5,4,41.5,138.1,-2.59,0,11.6
QStE380TM,5,4,41.5,141,-2.35,0,12.3
QStE380TM,5,4,41.5,143.9,-2.13,0,12.7
QStE380TM,5,4,41.5,146.8,-1.91,0,14
QStE380TM,5,4,41.5,149.7,-1.71,0,16.2
QStE380TM,5,4,41.5,150,-1.69,0,16.2
QStE380TM,5,4,41.5,152.6,-1.51,0,18.2
QStE380TM,5,4,41.5,155.6,-1.32,0,20.2
QStE380TM,5,4,41.5,158.5,-1.14,0,23.4
QStE380TM,5,4,41.5,161.4,-0.97,0,26.7
QStE380TM,5,4,41.5,164.3,-0.8,0,38.4
QStE380TM,5,4,41.5,167.2,-0.64,0,50.1
QStE380TM,5,4,41.5,170.1,-0.48,0,61.7
QStE380TM,5,4,41.5,173.2,-0.32,0,104.9
QStE380TM,5,4,41.5,176,-0.19,0,148.2
QStE380TM,5,4,41.5,178.8,-0.06,0,193
QStE380TM,6,4,30,87.4,-10.8,-9.54,5.3
QStE380TM,6,4,30,90,-10.24,-10.24,5.5
QStE380TM,6,4,30,90.9,-10.05,0,5.5
QStE380TM,6,4,30,94.5,-9.26,0,5.8
QStE380TM,6,4,30,97.7,-8.59,0,6
QStE380TM,6,4,30,101.9,-7.78,0,6.2
QStE380TM,6,4,30,105,-7.25,0,6.8
QStE380TM,6,4,30,105.6,-7.15,0,6.8
QStE380TM,6,4,30,109.4,-6.54,0,6.8
QStE380TM,6,4,30,113.2,-5.98,0,7.3
QStE380TM,6,4,30,117.2,-5.44,0,7.7
QStE380TM,6,4,30,120,-5.08,0,7.7
QStE380TM,6,4,30,121.1,-4.93,0,8
QStE380TM,6,4,30,125.1,-4.45,0,8.8
QStE380TM,6,4,30,129.2,-3.99,0,9.2
QStE380TM,6,4,30,133.7,-3.52,0,10.6
QStE380TM,6,4,30,135,-3.39,0,11.6
QStE380TM,6,4,30,137.7,-3.11,0,12.8
QStE380TM,6,4,30,141.8,-2.73,0,14.2
QStE380TM,6,4,30,145.9,-2.37,0,15.5
QStE380TM,6,4,30,150,-2.02,0,16.8
QStE380TM,6,4,30,154,-1.71,0,21.8
QStE380TM,6,4,30,158.3,-1.39,0,27.3
QStE380TM,6,4,30,162.3,-1.11,0,31.8
QStE380TM,6,4,30,166.2,-0.84,0,68.2
QStE380TM,6,4,30,170,-0.59,0,103.8
QStE380TM,6,4,30,173.8,-0.37,0,176
QStE380TM,6,4,30,177.5,-0.14,0,249
QStE380TM,6,4,40,87.9,-10.95,-9.87,5.9
QStE380TM,6,4,40,90,-10.49,-10.49,6.1
QStE380TM,6,4,40,90.2,-10.44,0,6.1
QStE380TM,6,4,40,92.2,-10,0,6.2
QStE380TM,6,4,40,94.3,-9.51,0,6.4
QStE380TM,6,4,40,96.7,-9,0,6.5
QStE380TM,6,4,40,99,-8.51,0,6.6
QStE380TM,6,4,40,101.4,-8.05,0,6.9
QStE380TM,6,4,40,104.1,-7.54,0,7.1
QStE380TM,6,4,40,105,-7.38,0,7.2
QStE380TM,6,4,40,106.5,-7.11,0,7.6
QStE380TM,6,4,40,109,-6.7,0,7.7
QStE380TM,6,4,40,111.9,-6.24,0,8
QStE380TM,6,4,40,114.5,-5.86,0,8.3
QStE380TM,6,4,40,117.2,-5.49,0,8.4
QStE380TM,6,4,40,119.9,-5.12,0,8.9
QStE380TM,6,4,40,120,-5.11,0,9
QStE380TM,6,4,40,122.7,-4.77,0,9.3
QStE380TM,6,4,40,125.5,-4.42,0,9.6
QStE380TM,6,4,40,128.4,-4.09,0,10.5
QStE380TM,6,4,40,131.3,-3.78,0,11
QStE380TM,6,4,40,134.2,-3.47,0,11.6
QStE380TM,6,4,40,135,-3.39,0,11.7
QStE380TM,6,4,40,137.1,-3.18,0,12.4
QStE380TM,6,4,40,140,-2.89,0,13
QStE380TM,6,4,40,143,-2.62,0,15
QStE380TM,6,4,40,146,-2.36,0,15.7
QStE380TM,6,4,40,149.3,-2.08,0,17.6
QStE380TM,6,4,40,150,-2.02,0,17.7
QStE380TM,6,4,40,152.3,-1.84,0,19.8
QStE380TM,6,4,40,155.3,-1.61,0,22.1
QStE380TM,6,4,40,158.2,-1.39,0,25.9
QStE380TM,6,4,40,161.2,-1.17,0,29.6
QStE380TM,6,4,40,164.2,-0.97,0,43.9
QStE380TM,6,4,40,167.1,-0.78,0,59.9
QStE380TM,6,4,40,170,-0.59,0,74.9
QStE380TM,6,4,40,172.8,-0.42,0,127.3
QStE380TM,6,4,40,175.7,-0.25,0,179.6
QStE380TM,6,4,40,178.4,-0.09,0,232
QStE380TM,6,4,41.5,87.9,-10.95,-9.87,5.9
QStE380TM,6,4,41.5,90,-10.49,-10.49,6.1
QStE380TM,6,4,41.5,90.2,-10.44,0,6.1
QStE380TM,6,4,41.5,92.2,-10,0,6.2
QStE380TM,6,4,41.5,94.3,-9.51,0,6.4
QStE380TM,6,4,41.5,96.7,-9,0,6.5
QStE380TM,6,4,41.5,99,-8.51,0,6.6
QStE380TM,6,4,41.5,101.4,-8.05,0,6.9
QStE380TM,6,4,41.5,104.1,-7.54,0,7.1
QStE380TM,6,4,41.5,105,-7.38,0,7.2
QStE380TM,6,4,41.5,106.5,-7.11,0,7.6
QStE380TM,6,4,41.5,109,-6.7,0,7.7
QStE380TM,6,4,41.5,111.9,-6.24,0,8
QStE380TM,6,4,41.5,114.5,-5.86,0,8.3
QStE380TM,6,4,41.5,117.2,-5.49,0,8.4
QStE380TM,6,4,41.5,119.9,-5.12,0,8.9
QStE380TM,6,4,41.5,120,-5.11,0,9
QStE380TM,6,4,41.5,122.7,-4.77,0,9.3
QStE380TM,6,4,41.5,125.5,-4.42,0,9.6
QStE380TM,6,4,41.5,128.4,-4.09,0,10.5
QStE380TM,6,4,41.5,131.3,-3.78,0,11
QStE380TM,6,4,41.5,134.2,-3.47,0,11.6
QStE380TM,6,4,41.5,135,-3.39,0,11.7
QStE380TM,6,4,41.5,137.1,-3.18,0,12.4
QStE380TM,6,4,41.5,140,-2.89,0,13
QStE380TM,6,4,41.5,143,-2.62,0,15
QStE380TM,6,4,41.5,146,-2.36,0,15.7
QStE380TM,6,4,41.5,149.3,-2.08,0,17.6
QStE380TM,6,4,41.5,150,-2.02,0,17.7
QStE380TM,6,4,41.5,152.3,-1.84,0,19.8
QStE380TM,6,4,41.5,155.3,-1.61,0,22.1
QStE380TM,6,4,41.5,158.2,-1.39,0,25.9
QStE380TM,6,4,41.5,161.2,-1.17,0,29.6
QStE380TM,6,4,41.5,164.2,-0.97,0,43.9
QStE380TM,6,4,41.5,167.1,-0.78,0,59.9
QStE380TM,6,4,41.5,170,-0.59,0,74.9
QStE380TM,6,4,41.5,172.8,-0.42,0,127.3
QStE380TM,6,4,41.5,175.7,-0.25,0,179.6
QStE380TM,6,4,41.5,178.4,-0.09,0,232
QStE380TM,8,4,50,87.5,-14.5,-12.86,7.2
QStE380TM,8,4,50,89.4,-13.94,-13.55,7.2
QStE380TM,8,4,50,90,-13.78,-13.78,7.4
QStE380TM,8,4,50,91,-13.48,0,7.5
QStE380TM,8,4,50,92.8,-12.94,0,7.6
QStE380TM,8,4,50,94.6,-12.43,0,7.7
QStE380TM,8,4,50,96.5,-11.87,0,7.9
QStE380TM,8,4,50,98.4,-11.38,0,8.1
QStE380TM,8,4,50,100.2,-10.91,0,8.3
QStE380TM,8,4,50,102.2,-10.42,0,8.6
QStE380TM,8,4,50,104.3,-9.9,0,8.7
QStE380TM,8,4,50,105,-9.75,0,8.7
QStE380TM,8,4,50,106.3,-9.45,0,9
QStE380TM,8,4,50,108.3,-9.03,0,9.2
QStE380TM,8,4,50,110.4,-8.59,0,9.5
QStE380TM,8,4,50,112.8,-8.1,0,9.8
QStE380TM,8,4,50,115,-7.68,0,10.1
QStE380TM,8,4,50,117.1,-7.29,0,10.5
QStE380TM,8,4,50,119.3,-6.9,0,10.6
QStE380TM,8,4,50,120,-6.79,0,10.7
QStE380TM,8,4,50,121.6,-6.53,0,11.1
QStE380TM,8,4,50,123.8,-6.16,0,11.4
QStE380TM,8,4,50,126.1,-5.8,0,11.9
QStE380TM,8,4,50,128.4,-5.45,0,12.4
QStE380TM,8,4,50,130.8,-5.1,0,13.1
QStE380TM,8,4,50,133.2,-4.76,0,13.8
QStE380TM,8,4,50,135,-4.52,0,14.4
QStE380TM,8,4,50,135.6,-4.44,0,15.1
QStE380TM,8,4,50,138,-4.12,0,15.7
QStE380TM,8,4,50,140.4,-3.81,0,16.7
QStE380TM,8,4,50,142.8,-3.52,0,17.8
QStE380TM,8,4,50,145.3,-3.23,0,18.9
QStE380TM,8,4,50,147.7,-2.96,0,21.1
QStE380TM,8,4,50,150,-2.7,0,23.3
QStE380TM,8,4,50,150.1,-2.69,0,23.3
QStE380TM,8,4,50,152.7,-2.42,0,24
QStE380TM,8,4,50,155.1,-2.16,0,28.9
QStE380TM,8,4,50,157.5,-1.92,0,26.1
QStE380TM,8,4,50,160.1,-1.67,0,39.2
QStE380TM,8,4,50,162.5,-1.45,0,48.2
QStE380TM,8,4,50,164.9,-1.23,0,57.3
QStE380TM,8,4,50,167.3,-1.02,0,81.5
QStE380TM,8,4,50,169.6,-0.82,0,106.2
QStE380TM,8,4,50,172,-0.63,0,155.6
QStE380TM,8,4,50,174.3,-0.44,0,205
QStE380TM,8,4,50,176.7,-0.25,0,254.5
QStE380TM,8,4,50,178.9,-0.08,0,303.8
QStE380TM,8,4,60,87,-15.26,-13.07,7.2
QStE380TM,8,4,60,88.2,-14.81,-13.52,7.4
QStE380TM,8,4,60,89.6,-14.34,-14.03,7.6
QStE380TM,8,4,60,90,-14.2,-14.2,7.7
QStE380TM,8,4,60,90.9,-13.88,0,7.8
QStE380TM,8,4,60,92.4,-13.4,0,8
QStE380TM,8,4,60,93.8,-12.95,0,8.1
QStE380TM,8,4,60,95.3,-12.51,0,8.3
QStE380TM,8,4,60,96.7,-12.09,0,8.5
QStE380TM,8,4,60,98.2,-11.67,0,8.7
QStE380TM,8,4,60,99.7,-11.27,0,8.9
QStE380TM,8,4,60,101.2,-10.87,0,9.1
QStE380TM,8,4,60,102.7,-10.48,0,9.3
QStE380TM,8,4,60,104.3,-10.1,0,9.5
QStE380TM,8,4,60,105,-9.93,0,9.8
QStE380TM,8,4,60,105.9,-9.72,0,9.9
QStE380TM,8,4,60,107.5,-9.35,0,10.1
QStE380TM,8,4,60,109.1,-8.99,0,10.3
QStE380TM,8,4,60,110.8,-8.63,0,10.5
QStE380TM,8,4,60,112.4,-8.29,0,10.8
QStE380TM,8,4,60,114.1,-7.95,0,11.1
QStE380TM,8,4,60,115.8,-7.62,0,11.3
QStE380TM,8,4,60,117.5,-7.29,0,11.5
QStE380TM,8,4,60,119.2,-6.98,0,11.7
QStE380TM,8,4,60,120,-6.85,0,11.9
QStE380TM,8,4,60,121,-6.67,0,12.2
QStE380TM,8,4,60,122.8,-6.37,0,12.6
QStE380TM,8,4,60,124.6,-6.07,0,13
QStE380TM,8,4,60,126.4,-5.78,0,13.4
QStE380TM,8,4,60,128.4,-5.46,0,13.9
QStE380TM,8,4,60,130.2,-5.18,0,14.4
QStE380TM,8,4,60,132.1,-4.91,0,14.9
QStE380TM,8,4,60,134,-4.65,0,15.6
QStE380TM,8,4,60,135,-4.51,0,16.2
QStE380TM,8,4,60,135.9,-4.39,0,17
QStE380TM,8,4,60,137.8,-4.14,0,17.9
QStE380TM,8,4,60,139.7,-3.9,0,18.8
QStE380TM,8,4,60,141.6,-3.66,0,19.8
QStE380TM,8,4,60,143.5,-3.43,0,21
QStE380TM,8,4,60,145.4,-3.2,0,22.4
QStE380TM,8,4,60,147.3,-2.98,0,23.8
QStE380TM,8,4,60,149.3,-2.77,0,24.9
QStE380TM,8,4,60,150,-2.69,0,26.1
QStE380TM,8,4,60,151.2,-2.56,0,28.4
QStE380TM,8,4,60,153.1,-2.35,0,30.7
QStE380TM,8,4,60,155.1,-2.15,0,34.4
QStE380TM,8,4,60,157,-1.96,0,38
QStE380TM,8,4,60,158.9,-1.78,0,41.7
QStE380TM,8,4,60,160.9,-1.59,0,48.3
QStE380TM,8,4,60,162.8,-1.42,0,54.8
QStE380TM,8,4,60,164.7,-1.24,0,61.4
QStE380TM,8,4,60,166.6,-1.08,0,73.8
QStE380TM,8,4,60,168.4,-0.92,0,86.3
QStE380TM,8,4,60,170.3,-0.76,0,98.7
QStE380TM,8,4,60,172.2,-0.61,0,159.8
QStE380TM,8,4,60,174,-0.46,0,220.9
QStE380TM,8,4,60,175.9,-0.31,0,282
QStE380TM,8,4,60,177.7,-0.17,0,343.1
QStE380TM,8,4,60,179.4,-0.04,0,404.2
QStE380TM,10,4,60,90,-17.12,-17.12,8.6
QStE380TM,10,4,60,91,-16.73,0,8.7
QStE380TM,10,4,60,92.5,-16.14,0,8.9
QStE380TM,10,4,60,94,-15.61,0,9.1
QStE380TM,10,4,60,95.5,-15.11,0,9.2
QStE380TM,10,4,60,97,-14.59,0,9.3
QStE380TM,10,4,60,98.6,-14.05,0,9.5
QStE380TM,10,4,60,100.2,-13.56,0,9.7
QStE380TM,10,4,60,101.9,-13.05,0,9.9
QStE380TM,10,4,60,103.5,-12.58,0,10.1
QStE380TM,10,4,60,105,-12.13,0,10.3
QStE380TM,10,4,60,105.4,-12.03,0,10.3
QStE380TM,10,4,60,107,-11.58,0,10.5
QStE380TM,10,4,60,108.7,-11.13,0,10.8
QStE380TM,10,4,60,110.4,-10.69,0,11
QStE380TM,10,4,60,112.2,-10.25,0,11.3
QStE380TM,10,4,60,114,-9.81,0,11.5
QStE380TM,10,4,60,115.8,-9.4,0,11.8
QStE380TM,10,4,60,117.6,-8.99,0,12.1
QStE380TM,10,4,60,119.4,-8.59,0,12.4
QStE380TM,10,4,60,120,-8.47,0,12.7
QStE380TM,10,4,60,121.3,-8.19,0,13
QStE380TM,10,4,60,123.2,-7.8,0,13.4
QStE380TM,10,4,60,125.1,-7.42,0,13.9
QStE380TM,10,4,60,127,-7.06,0,14.3
QStE380TM,10,4,60,128.9,-6.7,0,14.7
QStE380TM,10,4,60,130.8,-6.35,0,15.3
QStE380TM,10,4,60,132.7,-6.01,0,15.6
QStE380TM,10,4,60,134.7,-5.68,0,16.5
QStE380TM,10,4,60,135,-5.63,0,17.2
QStE380TM,10,4,60,136.7,-5.35,0,17.9
QStE380TM,10,4,60,138.6,-5.03,0,18.7
QStE380TM,10,4,60,140.6,-4.73,0,19.8
QStE380TM,10,4,60,142.6,-4.43,0,21
QStE380TM,10,4,60,144.6,-4.13,0,22.2
QStE380TM,10,4,60,146.5,-3.85,0,24
QStE380TM,10,4,60,148.5,-3.57,0,27.3
QStE380TM,10,4,60,150,-3.37,0,28
QStE380TM,10,4,60,150.5,-3.3,0,30.7
QStE380TM,10,4,60,152.4,-3.04,0,33.5
QStE380TM,10,4,60,154.4,-2.79,0,36.2
QStE380TM,10,4,60,156.4,-2.53,0,40.6
QStE380TM,10,4,60,158.3,-2.29,0,45.1
QStE380TM,10,4,60,160.3,-2.06,0,49.6
QStE380TM,10,4,60,162.3,-1.83,0,62.3
QStE380TM,10,4,60,164.3,-1.61,0,74.9
QStE380TM,10,4,60,166.2,-1.39,0,95.2
QStE380TM,10,4,60,168.1,-1.19,0,115.4
QStE380TM,10,4,60,170,-0.98,0,135.7
QStE380TM,10,4,60,171.9,-0.79,0,212.1
QStE380TM,10,4,60,173.8,-0.6,0,288.6
QStE380TM,10,4,60,175.6,-0.42,0,365
QStE380TM,10,4,60,177.5,-0.23,0,441.4
QStE380TM,10,4,60,179.3,-0.07,0,517.9
QStE380TM,8,4,60.3,87,-15.26,-13.07,7.2
QStE380TM,8,4,60.3,88.2,-14.81,-13.52,7.4
QStE380TM,8,4,60.3,89.6,-14.34,-14.03,7.6
QStE380TM,8,4,60.3,90,-14.2,-14.2,7.7
QStE380TM,8,4,60.3,90.9,-13.88,0,7.8
QStE380TM,8,4,60.3,92.4,-13.4,0,8
QStE380TM,8,4,60.3,93.8,-12.95,0,8.1
QStE380TM,8,4,60.3,95.3,-12.51,0,8.3
QStE380TM,8,4,60.3,96.7,-12.09,0,8.5
QStE380TM,8,4,60.3,98.2,-11.67,0,8.7
QStE380TM,8,4,60.3,99.7,-11.27,0,8.9
QStE380TM,8,4,60.3,101.2,-10.87,0,9.1
QStE380TM,8,4,60.3,102.7,-10.48,0,9.3
QStE380TM,8,4,60.3,104.3,-10.1,0,9.5
QStE380TM,8,4,60.3,105,-9.93,0,9.8
QStE380TM,8,4,60.3,105.9,-9.72,0,9.9
QStE380TM,8,4,60.3,107.5,-9.35,0,10.1
QStE380TM,8,4,60.3,109.1,-8.99,0,10.3
QStE380TM,8,4,60.3,110.8,-8.63,0,10.5
QStE380TM,8,4,60.3,112.4,-8.29,0,10.8
QStE380TM,8,4,60.3,114.1,-7.95,0,11.1
QStE380TM,8,4,60.3,115.8,-7.62,0,11.3
QStE380TM,8,4,60.3,117.5,-7.29,0,11.5
QStE380TM,8,4,60.3,119.2,-6.98,0,11.7
QStE380TM,8,4,60.3,120,-6.85,0,11.9
QStE380TM,8,4,60.3,121,-6.67,0,12.2
QStE380TM,8,4,60.3,122.8,-6.37,0,12.6
QStE380TM,8,4,60.3,124.6,-6.07,0,13
QStE380TM,8,4,60.3,126.4,-5.78,0,13.4
QStE380TM,8,4,60.3,128.4,-5.46,0,13.9
QStE380TM,8,4,60.3,130.2,-5.18,0,14.4
QStE380TM,8,4,60.3,132.1,-4.91,0,14.9
QStE380TM,8,4,60.3,134,-4.65,0,15.6
QStE380TM,8,4,60.3,135,-4.51,0,16.2
QStE380TM,8,4,60.3,135.9,-4.39,0,17
QStE380TM,8,4,60.3,137.8,-4.14,0,17.9
QStE380TM,8,4,60.3,139.7,-3.9,0,18.8
QStE380TM,8,4,60.3,141.6,-3.66,0,19.8
QStE380TM,8,4,60.3,143.5,-3.43,0,21
QStE380TM,8,4,60.3,145.4,-3.2,0,22.4
QStE380TM,8,4,60.3,147.3,-2.98,0,23.8
QStE380TM,8,4,60.3,149.3,-2.77,0,24.9
QStE380TM,8,4,60.3,150,-2.69,0,26.1
QStE380TM,8,4,60.3,151.2,-2.56,0,28.4
QStE380TM,8,4,60.3,153.1,-2.35,0,30.7
QStE380TM,8,4,60.3,155.1,-2.15,0,34.4
QStE380TM,8,4,60.3,157,-1.96,0,38
QStE380TM,8,4,60.3,158.9,-1.78,0,41.7
QStE380TM,8,4,60.3,160.9,-1.59,0,48.3
QStE380TM,8,4,60.3,162.8,-1.42,0,54.8
QStE380TM,8,4,60.3,164.7,-1.24,0,61.4
QStE380TM,8,4,60.3,166.6,-1.08,0,73.8
QStE380TM,8,4,60.3,168.4,-0.92,0,86.3
QStE380TM,8,4,60.3,170.3,-0.76,0,98.7
QStE380TM,8,4,60.3,172.2,-0.61,0,159.8
QStE380TM,8,4,60.3,174,-0.46,0,220.9
QStE380TM,8,4,60.3,175.9,-0.31,0,282
QStE380TM,8,4,60.3,177.7,-0.17,0,343.1
QStE380TM,8,4,60.3,179.4,-0.04,0,404.2
QStE380TM,10,4,60.3,90,-17.12,-17.12,8.6
QStE380TM,10,4,60.3,91,-16.73,0,8.7
QStE380TM,10,4,60.3,92.5,-16.14,0,8.9
QStE380TM,10,4,60.3,94,-15.61,0,9.1
QStE380TM,10,4,60.3,95.5,-15.11,0,9.2
QStE380TM,10,4,60.3,97,-14.59,0,9.3
QStE380TM,10,4,60.3,98.6,-14.05,0,9.5
QStE380TM,10,4,60.3,100.2,-13.56,0,9.7
QStE380TM,10,4,60.3,101.9,-13.05,0,9.9
QStE380TM,10,4,60.3,103.5,-12.58,0,10.1
QStE380TM,10,4,60.3,105,-12.13,0,10.3
QStE380TM,10,4,60.3,105.4,-12.03,0,10.3
QStE380TM,10,4,60.3,107,-11.58,0,10.5
QStE380TM,10,4,60.3,108.7,-11.13,0,10.8
QStE380TM,10,4,60.3,110.4,-10.69,0,11
QStE380TM,10,4,60.3,112.2,-10.25,0,11.3
QStE380TM,10,4,60.3,114,-9.81,0,11.5
QStE380TM,10,4,60.3,115.8,-9.4,0,11.8
QStE380TM,10,4,60.3,117.6,-8.99,0,12.1
QStE380TM,10,4,60.3,119.4,-8.59,0,12.4
QStE380TM,10,4,60.3,120,-8.47,0,12.7
QStE380TM,10,4,60.3,121.3,-8.19,0,13
QStE380TM,10,4,60.3,123.2,-7.8,0,13.4
QStE380TM,10,4,60.3,125.1,-7.42,0,13.9
QStE380TM,10,4,60.3,127,-7.06,0,14.3
QStE380TM,10,4,60.3,128.9,-6.7,0,14.7
QStE380TM,10,4,60.3,130.8,-6.35,0,15.3
QStE380TM,10,4,60.3,132.7,-6.01,0,15.6
QStE380TM,10,4,60.3,134.7,-5.68,0,16.5
QStE380TM,10,4,60.3,135,-5.63,0,17.2
QStE380TM,10,4,60.3,136.7,-5.35,0,17.9
QStE380TM,10,4,60.3,138.6,-5.03,0,18.7
QStE380TM,10,4,60.3,140.6,-4.73,0,19.8
QStE380TM,10,4,60.3,142.6,-4.43,0,21
QStE380TM,10,4,60.3,144.6,-4.13,0,22.2
QStE380TM,10,4,60.3,146.5,-3.85,0,24
QStE380TM,10,4,60.3,148.5,-3.57,0,27.3
QStE380TM,10,4,60.3,150,-3.37,0,28
QStE380TM,10,4,60.3,150.5,-3.3,0,30.7
QStE380TM,10,4,60.3,152.4,-3.04,0,33.5
QStE380TM,10,4,60.3,154.4,-2.79,0,36.2
QStE380TM,10,4,60.3,156.4,-2.53,0,40.6
QStE380TM,10,4,60.3,158.3,-2.29,0,45.1
QStE380TM,10,4,60.3,160.3,-2.06,0,49.6
QStE380TM,10,4,60.3,162.3,-1.83,0,62.3
QStE380TM,10,4,60.3,164.3,-1.61,0,74.9
QStE380TM,10,4,60.3,166.2,-1.39,0,95.2
QStE380TM,10,4,60.3,168.1,-1.19,0,115.4
QStE380TM,10,4,60.3,170,-0.98,0,135.7
QStE380TM,10,4,60.3,171.9,-0.79,0,212.1
QStE380TM,10,4,60.3,173.8,-0.6,0,288.6
QStE380TM,10,4,60.3,175.6,-0.42,0,365
QStE380TM,10,4,60.3,177.5,-0.23,0,441.4
QStE380TM,10,4,60.3,179.3,-0.07,0,517.9
QStE380TM,8,4,62,87,-15.26,-13.07,7.2
QStE380TM,8,4,62,88.2,-14.81,-13.52,7.4
QStE380TM,8,4,62,89.6,-14.34,-14.03,7.6
QStE380TM,8,4,62,90,-14.2,-14.2,7.7
QStE380TM,8,4,62,90.9,-13.88,0,7.8
QStE380TM,8,4,62,92.4,-13.4,0,8
QStE380TM,8,4,62,93.8,-12.95,0,8.1
QStE380TM,8,4,62,95.3,-12.51,0,8.3
QStE380TM,8,4,62,96.7,-12.09,0,8.5
QStE380TM,8,4,62,98.2,-11.67,0,8.7
QStE380TM,8,4,62,99.7,-11.27,0,8.9
QStE380TM,8,4,62,101.2,-10.87,0,9.1
QStE380TM,8,4,62,102.7,-10.48,0,9.3
QStE380TM,8,4,62,104.3,-10.1,0,9.5
QStE380TM,8,4,62,105,-9.93,0,9.8
QStE380TM,8,4,62,105.9,-9.72,0,9.9
QStE380TM,8,4,62,107.5,-9.35,0,10.1
QStE380TM,8,4,62,109.1,-8.99,0,10.3
QStE380TM,8,4,62,110.8,-8.63,0,10.5
QStE380TM,8,4,62,112.4,-8.29,0,10.8
QStE380TM,8,4,62,114.1,-7.95,0,11.1
QStE380TM,8,4,62,115.8,-7.62,0,11.3
QStE380TM,8,4,62,117.5,-7.29,0,11.5
QStE380TM,8,4,62,119.2,-6.98,0,11.7
QStE380TM,8,4,62,120,-6.85,0,11.9
QStE380TM,8,4,62,121,-6.67,0,12.2
QStE380TM,8,4,62,122.8,-6.37,0,12.6
QStE380TM,8,4,62,124.6,-6.07,0,13
QStE380TM,8,4,62,126.4,-5.78,0,13.4
QStE380TM,8,4,62,128.4,-5.46,0,13.9
QStE380TM,8,4,62,130.2,-5.18,0,14.4
QStE380TM,8,4,62,132.1,-4.91,0,14.9
QStE380TM,8,4,62,134,-4.65,0,15.6
QStE380TM,8,4,62,135,-4.51,0,16.2
QStE380TM,8,4,62,135.9,-4.39,0,17
QStE380TM,8,4,62,137.8,-4.14,0,17.9
QStE380TM,8,4,62,139.7,-3.9,0,18.8
QStE380TM,8,4,62,141.6,-3.66,0,19.8
QStE380TM,8,4,62,143.5,-3.43,0,21
QStE380TM,8,4,62,145.4,-3.2,0,22.4
QStE380TM,8,4,62,147.3,-2.98,0,23.8
QStE380TM,8,4,62,149.3,-2.77,0,24.9
QStE380TM,8,4,62,150,-2.69,0,26.1
QStE380TM,8,4,62,151.2,-2.56,0,28.4
QStE380TM,8,4,62,153.1,-2.35,0,30.7
QStE380TM,8,4,62,155.1,-2.15,0,34.4
QStE380TM,8,4,62,157,-1.96,0,38
QStE380TM,8,4,62,158.9,-1.78,0,41.7
QStE380TM,8,4,62,160.9,-1.59,0,48.3
QStE380TM,8,4,62,162.8,-1.42,0,54.8
QStE380TM,8,4,62,164.7,-1.24,0,61.4
QStE380TM,8,4,62,166.6,-1.08,0,73.8
QStE380TM,8,4,62,168.4,-0.92,0,86.3
QStE380TM,8,4,62,170.3,-0.76,0,98.7
QStE380TM,8,4,62,172.2,-0.61,0,159.8
QStE380TM,8,4,62,174,-0.46,0,220.9
QStE380TM,8,4,62,175.9,-0.31,0,282
QStE380TM,8,4,62,177.7,-0.17,0,343.1
QStE380TM,8,4,62,179.4,-0.04,0,404.2
QStE380TM,10,4,62,90,-17.12,-17.12,8.6
QStE380TM,10,4,62,91,-16.73,0,8.7
QStE380TM,10,4,62,92.5,-16.14,0,8.9
QStE380TM,10,4,62,94,-15.61,0,9.1
QStE380TM,10,4,62,95.5,-15.11,0,9.2
QStE380TM,10,4,62,97,-14.59,0,9.3
QStE380TM,10,4,62,98.6,-14.05,0,9.5
QStE380TM,10,4,62,100.2,-13.56,0,9.7
QStE380TM,10,4,62,101.9,-13.05,0,9.9
QStE380TM,10,4,62,103.5,-12.58,0,10.1
QStE380TM,10,4,62,105,-12.13,0,10.3
QStE380TM,10,4,62,105.4,-12.03,0,10.3
QStE380TM,10,4,62,107,-11.58,0,10.5
QStE380TM,10,4,62,108.7,-11.13,0,10.8
QStE380TM,10,4,62,110.4,-10.69,0,11
QStE380TM,10,4,62,112.2,-10.25,0,11.3
QStE380TM,10,4,62,114,-9.81,0,11.5
QStE380TM,10,4,62,115.8,-9.4,0,11.8
QStE380TM,10,4,62,117.6,-8.99,0,12.1
QStE380TM,10,4,62,119.4,-8.59,0,12.4
QStE380TM,10,4,62,120,-8.47,0,12.7
QStE380TM,10,4,62,121.3,-8.19,0,13
QStE380TM,10,4,62,123.2,-7.8,0,13.4
QStE380TM,10,4,62,125.1,-7.42,0,13.9
QStE380TM,10,4,62,127,-7.06,0,14.3
QStE380TM,10,4,62,128.9,-6.7,0,14.7
QStE380TM,10,4,62,130.8,-6.35,0,15.3
QStE380TM,10,4,62,132.7,-6.01,0,15.6
QStE380TM,10,4,62,134.7,-5.68,0,16.5
QStE380TM,10,4,62,135,-5.63,0,17.2
QStE380TM,10,4,62,136.7,-5.35,0,17.9
QStE380TM,10,4,62,138.6,-5.03,0,18.7
QStE380TM,10,4,62,140.6,-4.73,0,19.8
QStE380TM,10,4,62,142.6,-4.43,0,21
QStE380TM,10,4,62,144.6,-4.13,0,22.2
QStE380TM,10,4,62,146.5,-3.85,0,24
QStE380TM,10,4,62,148.5,-3.57,0,27.3
QStE380TM,10,4,62,150,-3.37,0,28
QStE380TM,10,4,62,150.5,-3.3,0,30.7
QStE380TM,10,4,62,152.4,-3.04,0,33.5
QStE380TM,10,4,62,154.4,-2.79,0,36.2
QStE380TM,10,4,62,156.4,-2.53,0,40.6
QStE380TM,10,4,62,158.3,-2.29,0,45.1
QStE380TM,10,4,62,160.3,-2.06,0,49.6
QStE380TM,10,4,62,162.3,-1.83,0,62.3
QStE380TM,10,4,62,164.3,-1.61,0,74.9
QStE380TM,10,4,62,166.2,-1.39,0,95.2
QStE380TM,10,4,62,168.1,-1.19,0,115.4
QStE380TM,10,4,62,170,-0.98,0,135.7
QStE380TM,10,4,62,171.9,-0.79,0,212.1
QStE380TM,10,4,62,173.8,-0.6,0,288.6
QStE380TM,10,4,62,175.6,-0.42,0,365
QStE380TM,10,4,62,177.5,-0.23,0,441.4
QStE380TM,10,4,62,179.3,-0.07,0,517.9
QStE380TM,10,4,70,90,-17.51,-17.51,9.7
QStE380TM,10,4,70,90.3,-17.39,0,9.8
QStE380TM,10,4,70,91.5,-16.92,0,9.9
QStE380TM,10,4,70,92.6,-16.46,0,10
QStE380TM,10,4,70,93.9,-15.96,0,10.1
QStE380TM,10,4,70,95.1,-15.51,0,10.3
QStE380TM,10,4,70,96.4,-15.07,0,10.5
QStE380TM,10,4,70,97.7,-14.6,0,10.6
QStE380TM,10,4,70,99,-14.17,0,10.7
QStE380TM,10,4,70,100.3,-13.75,0,10.8
QStE380TM,10,4,70,101.6,-13.33,0,11.1
QStE380TM,10,4,70,103,-12.88,0,11.2
QStE380TM,10,4,70,104.4,-12.48,0,11.4
QStE380TM,10,4,70,105,-12.3,0,11.6
QStE380TM,10,4,70,105.8,-12.07,0,11.7
QStE380TM,10,4,70,107.1,-11.68,0,12
QStE380TM,10,4,70,108.6,-11.3,0,12.3
QStE380TM,10,4,70,110,-10.91,0,12.6
QStE380TM,10,4,70,111.6,-10.5,0,12.8
QStE380TM,10,4,70,113,-10.13,0,13
QStE380TM,10,4,70,114.5,-9.77,0,13.2
QStE380TM,10,4,70,116,-9.42,0,13.4
QStE380TM,10,4,70,117.5,-9.08,0,13.7
QStE380TM,10,4,70,119,-8.74,0,14
QStE380TM,10,4,70,120,-8.52,0,14.3
QStE380TM,10,4,70,120.5,-8.41,0,14.5
QStE380TM,10,4,70,122.1,-8.08,0,14.8
QStE380TM,10,4,70,123.6,-7.76,0,15.1
QStE380TM,10,4,70,125.2,-7.44,0,15.4
QStE380TM,10,4,70,126.8,-7.13,0,15.9
QStE380TM,10,4,70,128.4,-6.82,0,16.4
QStE380TM,10,4,70,130,-6.52,0,16.9
QStE380TM,10,4,70,131.7,-6.22,0,17.6
QStE380TM,10,4,70,133.3,-5.93,0,18.2
QStE380TM,10,4,70,134.9,-5.65,0,18.7
QStE380TM,10,4,70,135,-5.64,0,19.3
QStE380TM,10,4,70,136.6,-5.37,0,19.9
QStE380TM,10,4,70,138.2,-5.1,0,20.8
QStE380TM,10,4,70,139.9,-4.84,0,21.7
QStE380TM,10,4,70,141.6,-4.58,0,22.6
QStE380TM,10,4,70,143.3,-4.32,0,24
QStE380TM,10,4,70,144.9,-4.08,0,25.4
QStE380TM,10,4,70,146.6,-3.84,0,26.9
QStE380TM,10,4,70,148.3,-3.6,0,27.7
QStE380TM,10,4,70,149.9,-3.37,0,28.6
QStE380TM,10,4,70,150,-3.37,0,29.5
QStE380TM,10,4,70,151.6,-3.15,0,31.1
QStE380TM,10,4,70,153.3,-2.93,0,33.2
QStE380TM,10,4,70,155,-2.71,0,37.2
QStE380TM,10,4,70,156.7,-2.5,0,41
QStE380TM,10,4,70,158.3,-2.3,0,44.9
QStE380TM,10,4,70,160.1,-2.08,0,51.8
QStE380TM,10,4,70,161.8,-1.89,0,58.6
QStE380TM,10,4,70,163.4,-1.7,0,65.5
QStE380TM,10,4,70,165.1,-1.51,0,77.5
QStE380TM,10,4,70,166.7,-1.33,0,89.4
QStE380TM,10,4,70,168.4,-1.15,0,101.3
QStE380TM,10,4,70,170,-0.98,0,113.2
QStE380TM,10,4,70,171.6,-0.81,0,169.4
QStE380TM,10,4,70,173.2,-0.65,0,225.5
QStE380TM,10,4,70,174.8,-0.49,0,281.7
QStE380TM,10,4,70,176.4,-0.33,0,337.9
QStE380TM,10,4,70,178.1,-0.17,0,394
QStE380TM,10,4,70,179.6,-0.04,0,450.2
QStE380TM,12,4,60,87.9,-21.07,-16.75,8.4
QStE380TM,12,4,60,89.5,-20.37,-19.85,8.8
QStE380TM,12,4,60,90,-20.12,-20.12,8.9
QStE380TM,12,4,60,91.1,-19.6,0,9
QStE380TM,12,4,60,92.6,-18.97,0,9.1
QStE380TM,12,4,60,94.2,-18.3,0,9.2
QStE380TM,12,4,60,96,-17.59,0,9.5
QStE380TM,12,4,60,97.6,-16.96,0,9.8
QStE380TM,12,4,60,99.5,-16.24,0,9.9
QStE380TM,12,4,60,101.2,-15.63,0,10.2
QStE380TM,12,4,60,102.9,-15.04,0,10.4
QStE380TM,12,4,60,104.7,-14.47,0,10.7
QStE380TM,12,4,60,105,-14.36,0,10.9
QStE380TM,12,4,60,106.4,-13.91,0,11.2
QStE380TM,12,4,60,108.3,-13.31,0,11.5
QStE380TM,12,4,60,110.2,-12.76,0,11.8
QStE380TM,12,4,60,112,-12.22,0,12
QStE380TM,12,4,60,113.9,-11.69,0,12.5
QStE380TM,12,4,60,115.8,-11.16,0,13.1
QStE380TM,12,4,60,117.8,-10.66,0,13.5
QStE380TM,12,4,60,119.7,-10.16,0,13.9
QStE380TM,12,4,60,120,-10.08,0,14.2
QStE380TM,12,4,60,121.7,-9.67,0,14.5
QStE380TM,12,4,60,123.6,-9.2,0,15
QStE380TM,12,4,60,125.6,-8.74,0,15.5
QStE380TM,12,4,60,127.7,-8.28,0,16.1
QStE380TM,12,4,60,129.6,-7.84,0,17.1
QStE380TM,12,4,60,131.7,-7.41,0,18.1
QStE380TM,12,4,60,133.7,-7,0,18.7
QStE380TM,12,4,60,135,-6.73,0,19.4
QStE380TM,12,4,60,135.7,-6.59,0,20.1
QStE380TM,12,4,60,137.7,-6.2,0,20.9
QStE380TM,12,4,60,139.7,-5.82,0,22.1
QStE380TM,12,4,60,141.8,-5.45,0,23.4
QStE380TM,12,4,60,143.9,-5.06,0,24.7
QStE380TM,12,4,60,145.9,-4.72,0,27.6
QStE380TM,12,4,60,148,-4.37,0,30.5
QStE380TM,12,4,60,150,-4.03,0,33.6
QStE380TM,12,4,60,152,-3.71,0,36.2
QStE380TM,12,4,60,154.1,-3.39,0,39
QStE380TM,12,4,60,156.1,-3.09,0,43.7
QStE380TM,12,4,60,158.1,-2.8,0,48.4
QStE380TM,12,4,60,160,-2.52,0,53.1
QStE380TM,12,4,60,162,-2.24,0,61.9
QStE380TM,12,4,60,164,-1.97,0,70.8
QStE380TM,12,4,60,166,-1.71,0,79.6
QStE380TM,12,4,60,167.9,-1.45,0,99.2
QStE380TM,12,4,60,169.9,-1.21,0,118.6
QStE380TM,12,4,60,171.8,-0.97,0,138.1
QStE380TM,12,4,60,173.6,-0.74,0,255.3
QStE380TM,12,4,60,175.6,-0.5,0,372.6
QStE380TM,12,4,60,177.4,-0.29,0,489.8
QStE380TM,12,4,60,179.2,-0.09,0,607
QStE380TM,12,4,60.3,87.9,-21.07,-16.75,8.4
QStE380TM,12,4,60.3,89.5,-20.37,-19.85,8.8
QStE380TM,12,4,60.3,90,-20.12,-20.12,8.9
QStE380TM,12,4,60.3,91.1,-19.6,0,9
QStE380TM,12,4,60.3,92.6,-18.97,0,9.1
QStE380TM,12,4,60.3,94.2,-18.3,0,9.2
QStE380TM,12,4,60.3,96,-17.59,0,9.5
QStE380TM,12,4,60.3,97.6,-16.96,0,9.8
QStE380TM,12,4,60.3,99.5,-16.24,0,9.9
QStE380TM,12,4,60.3,101.2,-15.63,0,10.2
QStE380TM,12,4,60.3,102.9,-15.04,0,10.4
QStE380TM,12,4,60.3,104.7,-14.47,0,10.7
QStE380TM,12,4,60.3,105,-14.36,0,10.9
QStE380TM,12,4,60.3,106.4,-13.91,0,11.2
QStE380TM,12,4,60.3,108.3,-13.31,0,11.5
QStE380TM,12,4,60.3,110.2,-12.76,0,11.8
QStE380TM,12,4,60.3,112,-12.22,0,12
QStE380TM,12,4,60.3,113.9,-11.69,0,12.5
QStE380TM,12,4,60.3,115.8,-11.16,0,13.1
QStE380TM,12,4,60.3,117.8,-10.66,0,13.5
QStE380TM,12,4,60.3,119.7,-10.16,0,13.9
QStE380TM,12,4,60.3,120,-10.08,0,14.2
QStE380TM,12,4,60.3,121.7,-9.67,0,14.5
QStE380TM,12,4,60.3,123.6,-9.2,0,15
QStE380TM,12,4,60.3,125.6,-8.74,0,15.5
QStE380TM,12,4,60.3,127.7,-8.28,0,16.1
QStE380TM,12,4,60.3,129.6,-7.84,0,17.1
QStE380TM,12,4,60.3,131.7,-7.41,0,18.1
QStE380TM,12,4,60.3,133.7,-7,0,18.7
QStE380TM,12,4,60.3,135,-6.73,0,19.4
QStE380TM,12,4,60.3,135.7,-6.59,0,20.1
QStE380TM,12,4,60.3,137.7,-6.2,0,20.9
QStE380TM,12,4,60.3,139.7,-5.82,0,22.1
QStE380TM,12,4,60.3,141.8,-5.45,0,23.4
QStE380TM,12,4,60.3,143.9,-5.06,0,24.7
QStE380TM,12,4,60.3,145.9,-4.72,0,27.6
QStE380TM,12,4,60.3,148,-4.37,0,30.5
QStE380TM,12,4,60.3,150,-4.03,0,33.6
QStE380TM,12,4,60.3,152,-3.71,0,36.2
QStE380TM,12,4,60.3,154.1,-3.39,0,39
QStE380TM,12,4,60.3,156.1,-3.09,0,43.7
QStE380TM,12,4,60.3,158.1,-2.8,0,48.4
QStE380TM,12,4,60.3,160,-2.52,0,53.1
QStE380TM,12,4,60.3,162,-2.24,0,61.9
QStE380TM,12,4,60.3,164,-1.97,0,70.8
QStE380TM,12,4,60.3,166,-1.71,0,79.6
QStE380TM,12,4,60.3,167.9,-1.45,0,99.2
QStE380TM,12,4,60.3,169.9,-1.21,0,118.6
QStE380TM,12,4,60.3,171.8,-0.97,0,138.1
QStE380TM,12,4,60.3,173.6,-0.74,0,255.3
QStE380TM,12,4,60.3,175.6,-0.5,0,372.6
QStE380TM,12,4,60.3,177.4,-0.29,0,489.8
QStE380TM,12,4,60.3,179.2,-0.09,0,607
QStE380TM,12,4,62,87.9,-21.07,-16.75,8.4
QStE380TM,12,4,62,89.5,-20.37,-19.85,8.8
QStE380TM,12,4,62,90,-20.12,-20.12,8.9
QStE380TM,12,4,62,91.1,-19.6,0,9
QStE380TM,12,4,62,92.6,-18.97,0,9.1
QStE380TM,12,4,62,94.2,-18.3,0,9.2
QStE380TM,12,4,62,96,-17.59,0,9.5
QStE380TM,12,4,62,97.6,-16.96,0,9.8
QStE380TM,12,4,62,99.5,-16.24,0,9.9
QStE380TM,12,4,62,101.2,-15.63,0,10.2
QStE380TM,12,4,62,102.9,-15.04,0,10.4
QStE380TM,12,4,62,104.7,-14.47,0,10.7
QStE380TM,12,4,62,105,-14.36,0,10.9
QStE380TM,12,4,62,106.4,-13.91,0,11.2
QStE380TM,12,4,62,108.3,-13.31,0,11.5
QStE380TM,12,4,62,110.2,-12.76,0,11.8
QStE380TM,12,4,62,112,-12.22,0,12
QStE380TM,12,4,62,113.9,-11.69,0,12.5
QStE380TM,12,4,62,115.8,-11.16,0,13.1
QStE380TM,12,4,62,117.8,-10.66,0,13.5
QStE380TM,12,4,62,119.7,-10.16,0,13.9
QStE380TM,12,4,62,120,-10.08,0,14.2
QStE380TM,12,4,62,121.7,-9.67,0,14.5
QStE380TM,12,4,62,123.6,-9.2,0,15
QStE380TM,12,4,62,125.6,-8.74,0,15.5
QStE380TM,12,4,62,127.7,-8.28,0,16.1
QStE380TM,12,4,62,129.6,-7.84,0,17.1
QStE380TM,12,4,62,131.7,-7.41,0,18.1
QStE380TM,12,4,62,133.7,-7,0,18.7
QStE380TM,12,4,62,135,-6.73,0,19.4
QStE380TM,12,4,62,135.7,-6.59,0,20.1
QStE380TM,12,4,62,137.7,-6.2,0,20.9
QStE380TM,12,4,62,139.7,-5.82,0,22.1
QStE380TM,12,4,62,141.8,-5.45,0,23.4
QStE380TM,12,4,62,143.9,-5.06,0,24.7
QStE380TM,12,4,62,145.9,-4.72,0,27.6
QStE380TM,12,4,62,148,-4.37,0,30.5
QStE380TM,12,4,62,150,-4.03,0,33.6
QStE380TM,12,4,62,152,-3.71,0,36.2
QStE380TM,12,4,62,154.1,-3.39,0,39
QStE380TM,12,4,62,156.1,-3.09,0,43.7
QStE380TM,12,4,62,158.1,-2.8,0,48.4
QStE380TM,12,4,62,160,-2.52,0,53.1
QStE380TM,12,4,62,162,-2.24,0,61.9
QStE380TM,12,4,62,164,-1.97,0,70.8
QStE380TM,12,4,62,166,-1.71,0,79.6
QStE380TM,12,4,62,167.9,-1.45,0,99.2
QStE380TM,12,4,62,169.9,-1.21,0,118.6
QStE380TM,12,4,62,171.8,-0.97,0,138.1
QStE380TM,12,4,62,173.6,-0.74,0,255.3
QStE380TM,12,4,62,175.6,-0.5,0,372.6
QStE380TM,12,4,62,177.4,-0.29,0,489.8
QStE380TM,12,4,62,179.2,-0.09,0,607
QStE380TM,12,4,70,90,-20.42,-20.42,9.9
QStE380TM,12,4,70,90.3,-20.27,0,10
QStE380TM,12,4,70,91.5,-19.72,0,10.1
QStE380TM,12,4,70,92.9,-19.11,0,10.2
QStE380TM,12,4,70,94.2,-18.56,0,10.4
QStE380TM,12,4,70,95.4,-18.05,0,10.6
QStE380TM,12,4,70,96.8,-17.51,0,10.8
QStE380TM,12,4,70,98.2,-16.93,0,11
QStE380TM,12,4,70,99.6,-16.42,0,11.2
QStE380TM,12,4,70,100.9,-15.92,0,11.3
QStE380TM,12,4,70,102.5,-15.36,0,11.4
QStE380TM,12,4,70,103.9,-14.87,0,11.6
QStE380TM,12,4,70,105,-14.49,0,11.8
QStE380TM,12,4,70,105.3,-14.39,0,12
QStE380TM,12,4,70,106.8,-13.87,0,12.3
QStE380TM,12,4,70,108.3,-13.4,0,12.6
QStE380TM,12,4,70,109.8,-12.94,0,12.8
QStE380TM,12,4,70,111.3,-12.5,0,13
QStE380TM,12,4,70,112.8,-12.05,0,13.3
QStE380TM,12,4,70,114.4,-11.62,0,13.6
QStE380TM,12,4,70,115.9,-11.19,0,14.1
QStE380TM,12,4,70,117.6,-10.75,0,14.5
QStE380TM,12,4,70,119.1,-10.34,0,14.9
QStE380TM,12,4,70,120,-10.12,0,15.2
QStE380TM,12,4,70,120.7,-9.93,0,15.5
QStE380TM,12,4,70,122.4,-9.53,0,15.8
QStE380TM,12,4,70,124,-9.14,0,16.1
QStE380TM,12,4,70,125.6,-8.75,0,16.5
QStE380TM,12,4,70,127.3,-8.37,0,17.1
QStE380TM,12,4,70,129,-8.01,0,17.8
QStE380TM,12,4,70,130.6,-7.64,0,18.4
QStE380TM,12,4,70,132.3,-7.29,0,19.1
QStE380TM,12,4,70,134,-6.94,0,19.7
QStE380TM,12,4,70,135,-6.74,0,20.4
QStE380TM,12,4,70,135.7,-6.6,0,21.1
QStE380TM,12,4,70,137.4,-6.27,0,21.9
QStE380TM,12,4,70,139.1,-5.95,0,23.2
QStE380TM,12,4,70,140.8,-5.63,0,24.5
QStE380TM,12,4,70,142.5,-5.32,0,25.7
QStE380TM,12,4,70,144.2,-5.02,0,27.6
QStE380TM,12,4,70,146,-4.71,0,29.5
QStE380TM,12,4,70,147.7,-4.42,0,31.5
QStE380TM,12,4,70,149.4,-4.13,0,33
QStE380TM,12,4,70,150,-4.04,0,34.6
QStE380TM,12,4,70,151.1,-3.86,0,36.4
QStE380TM,12,4,70,152.8,-3.59,0,38.2
QStE380TM,12,4,70,154.5,-3.32,0,40
QStE380TM,12,4,70,156.2,-3.06,0,44.7
QStE380TM,12,4,70,158,-2.8,0,49.4
QStE380TM,12,4,70,159.7,-2.56,0,54.1
QStE380TM,12,4,70,161.3,-2.32,0,62.9
QStE380TM,12,4,70,163.1,-2.09,0,71.8
QStE380TM,12,4,70,164.7,-1.86,0,80.6
QStE380TM,12,4,70,166.4,-1.64,0,100.1
QStE380TM,12,4,70,168.2,-1.42,0,119.6
QStE380TM,12,4,70,169.8,-1.21,0,139.1
QStE380TM,12,4,70,171.5,-1,0,217.2
QStE380TM,12,4,70,173.1,-0.8,0,295.4
QStE380TM,12,4,70,174.7,-0.61,0,373.6
QStE380TM,12,4,70,176.4,-0.41,0,451.7
QStE380TM,12,4,70,178,-0.23,0,529.8
QStE380TM,12,4,70,179.5,-0.06,0,607.9
QStE380TM,12,4,80,86.7,-22.46,-15.54,10.4
QStE380TM,12,4,80,87.7,-21.95,-19.55,10.6
QStE380TM,12,4,80,88.7,-21.41,-20.08,10.8
QStE380TM,12,4,80,89.7,-20.91,-20.62,10.9
QStE380TM,12,4,80,90,-20.79,-20.79,10.9
QStE380TM,12,4,80,90.8,-20.41,0,11
QStE380TM,12,4,80,91.9,-19.88,0,11.1
QStE380TM,12,4,80,92.9,-19.41,0,11.2
QStE380TM,12,4,80,94,-18.93,0,11.4
QStE380TM,12,4,80,95.2,-18.42,0,11.5
QStE380TM,12,4,80,96.3,-17.96,0,11.6
QStE380TM,12,4,80,97.4,-17.5,0,11.8
QStE380TM,12,4,80,98.6,-17.01,0,11.9
QStE380TM,12,4,80,99.7,-16.57,0,12.1
QStE380TM,12,4,80,100.9,-16.13,0,12.2
QStE380TM,12,4,80,102.1,-15.7,0,12.4
QStE380TM,12,4,80,103.3,-15.24,0,12.6
QStE380TM,12,4,80,104.5,-14.82,0,12.8
QStE380TM,12,4,80,105,-14.65,0,12.9
QStE380TM,12,4,80,105.7,-14.4,0,13
QStE380TM,12,4,80,106.9,-14,0,13.2
QStE380TM,12,4,80,108.2,-13.59,0,13.5
QStE380TM,12,4,80,109.5,-13.15,0,13.8
QStE380TM,12,4,80,110.8,-12.76,0,14
QStE380TM,12,4,80,112.1,-12.37,0,14.3
QStE380TM,12,4,80,113.4,-11.98,0,14.7
QStE380TM,12,4,80,114.7,-11.61,0,14.9
QStE380TM,12,4,80,116,-11.23,0,15.1
QStE380TM,12,4,80,117.4,-10.84,0,15.4
QStE380TM,12,4,80,118.8,-10.48,0,15.7
QStE380TM,12,4,80,120,-10.17,0,16.2
QStE380TM,12,4,80,120.1,-10.13,0,16.2
QStE380TM,12,4,80,121.5,-9.78,0,16.5
QStE380TM,12,4,80,122.9,-9.44,0,17
QStE380TM,12,4,80,124.3,-9.11,0,17.5
QStE380TM,12,4,80,125.7,-8.78,0,18.1
QStE380TM,12,4,80,127.1,-8.45,0,18.6
QStE380TM,12,4,80,128.5,-8.12,0,19.1
QStE380TM,12,4,80,130,-7.81,0,19.6
QStE380TM,12,4,80,131.4,-7.5,0,20.1
QStE380TM,12,4,80,132.8,-7.2,0,20.6
QStE380TM,12,4,80,134.3,-6.9,0,21.1
QStE380TM,12,4,80,135,-6.75,0,21.6
QStE380TM,12,4,80,135.7,-6.61,0,22.2
QStE380TM,12,4,80,137.2,-6.32,0,22.9
QStE380TM,12,4,80,138.6,-6.04,0,24.1
QStE380TM,12,4,80,140.1,-5.76,0,25.5
QStE380TM,12,4,80,141.6,-5.48,0,26.7
QStE380TM,12,4,80,143.1,-5.22,0,28.2
QStE380TM,12,4,80,144.6,-4.95,0,29.6
QStE380TM,12,4,80,146,-4.69,0,31
QStE380TM,12,4,80,147.5,-4.44,0,32.5
QStE380TM,12,4,80,149.1,-4.18,0,34
QStE380TM,12,4,80,150,-4.04,0,35.6
QStE380TM,12,4,80,150.6,-3.94,0,37.4
QStE380TM,12,4,80,152.1,-3.7,0,39.2
QStE380TM,12,4,80,153.6,-3.47,0,41
QStE380TM,12,4,80,155.1,-3.24,0,45.7
QStE380TM,12,4,80,156.5,-3.02,0,50.4
QStE380TM,12,4,80,158,-2.8,0,55.1
QStE380TM,12,4,80,159.5,-2.58,0,61.8
QStE380TM,12,4,80,161,-2.37,0,68.4
QStE380TM,12,4,80,162.4,-2.17,0,75.1
QStE380TM,12,4,80,164,-1.96,0,81.6
QStE380TM,12,4,80,165.4,-1.77,0,96.3
QStE380TM,12,4,80,166.9,-1.58,0,110.9
QStE380TM,12,4,80,168.4,-1.39,0,125.5
QStE380TM,12,4,80,169.8,-1.21,0,140.1
QStE380TM,12,4,80,171.2,-1.03,0,218.2
QStE380TM,12,4,80,172.7,-0.85,0,296.4
QStE380TM,12,4,80,174.2,-0.67,0,374.6
QStE380TM,12,4,80,175.5,-0.51,0,452.8
QStE380TM,12,4,80,176.9,-0.34,0,530.9
QStE380TM,12,4,80,178.3,-0.18,0,609.1
QStE380TM,12,4,80,179.7,-0.03,0,687.3
QStE380TM,12,4,80.3,86.7,-22.46,-15.54,10.4
QStE380TM,12,4,80.3,87.7,-21.95,-19.55,10.6
QStE380TM,12,4,80.3,88.7,-21.41,-20.08,10.8
QStE380TM,12,4,80.3,89.7,-20.91,-20.62,10.9
QStE380TM,12,4,80.3,90,-20.79,-20.79,10.9
QStE380TM,12,4,80.3,90.8,-20.41,0,11
QStE380TM,12,4,80.3,91.9,-19.88,0,11.1
QStE380TM,12,4,80.3,92.9,-19.41,0,11.2
QStE380TM,12,4,80.3,94,-18.93,0,11.4
QStE380TM,12,4,80.3,95.2,-18.42,0,11.5
QStE380TM,12,4,80.3,96.3,-17.96,0,11.6
QStE380TM,12,4,80.3,97.4,-17.5,0,11.8
QStE380TM,12,4,80.3,98.6,-17.01,0,11.9
QStE380TM,12,4,80.3,99.7,-16.57,0,12.1
QStE380TM,12,4,80.3,100.9,-16.13,0,12.2
QStE380TM,12,4,80.3,102.1,-15.7,0,12.4
QStE380TM,12,4,80.3,103.3,-15.24,0,12.6
QStE380TM,12,4,80.3,104.5,-14.82,0,12.8
QStE380TM,12,4,80.3,105,-14.65,0,12.9
QStE380TM,12,4,80.3,105.7,-14.4,0,13
QStE380TM,12,4,80.3,106.9,-14,0,13.2
QStE380TM,12,4,80.3,108.2,-13.59,0,13.5
QStE380TM,12,4,80.3,109.5,-13.15,0,13.8
QStE380TM,12,4,80.3,110.8,-12.76,0,14
QStE380TM,12,4,80.3,112.1,-12.37,0,14.3
QStE380TM,12,4,80.3,113.4,-11.98,0,14.7
QStE380TM,12,4,80.3,114.7,-11.61,0,14.9
QStE380TM,12,4,80.3,116,-11.23,0,15.1
QStE380TM,12,4,80.3,117.4,-10.84,0,15.4
QStE380TM,12,4,80.3,118.8,-10.48,0,15.7
QStE380TM,12,4,80.3,120,-10.17,0,16.2
QStE380TM,12,4,80.3,120.1,-10.13,0,16.2
QStE380TM,12,4,80.3,121.5,-9.78,0,16.5
QStE380TM,12,4,80.3,122.9,-9.44,0,17
QStE380TM,12,4,80.3,124.3,-9.11,0,17.5
QStE380TM,12,4,80.3,125.7,-8.78,0,18.1
QStE380TM,12,4,80.3,127.1,-8.45,0,18.6
QStE380TM,12,4,80.3,128.5,-8.12,0,19.1
QStE380TM,12,4,80.3,130,-7.81,0,19.6
QStE380TM,12,4,80.3,131.4,-7.5,0,20.1
QStE380TM,12,4,80.3,132.8,-7.2,0,20.6
QStE380TM,12,4,80.3,134.3,-6.9,0,21.1
QStE380TM,12,4,80.3,135,-6.75,0,21.6
QStE380TM,12,4,80.3,135.7,-6.61,0,22.2
QStE380TM,12,4,80.3,137.2,-6.32,0,22.9
QStE380TM,12,4,80.3,138.6,-6.04,0,24.1
QStE380TM,12,4,80.3,140.1,-5.76,0,25.5
QStE380TM,12,4,80.3,141.6,-5.48,0,26.7
QStE380TM,12,4,80.3,143.1,-5.22,0,28.2
QStE380TM,12,4,80.3,144.6,-4.95,0,29.6
QStE380TM,12,4,80.3,146,-4.69,0,31
QStE380TM,12,4,80.3,147.5,-4.44,0,32.5
QStE380TM,12,4,80.3,149.1,-4.18,0,34
QStE380TM,12,4,80.3,150,-4.04,0,35.6
QStE380TM,12,4,80.3,150.6,-3.94,0,37.4
QStE380TM,12,4,80.3,152.1,-3.7,0,39.2
QStE380TM,12,4,80.3,153.6,-3.47,0,41
QStE380TM,12,4,80.3,155.1,-3.24,0,45.7
QStE380TM,12,4,80.3,156.5,-3.02,0,50.4
QStE380TM,12,4,80.3,158,-2.8,0,55.1
QStE380TM,12,4,80.3,159.5,-2.58,0,61.8
QStE380TM,12,4,80.3,161,-2.37,0,68.4
QStE380TM,12,4,80.3,162.4,-2.17,0,75.1
QStE380TM,12,4,80.3,164,-1.96,0,81.6
QStE380TM,12,4,80.3,165.4,-1.77,0,96.3
QStE380TM,12,4,80.3,166.9,-1.58,0,110.9
QStE380TM,12,4,80.3,168.4,-1.39,0,125.5
QStE380TM,12,4,80.3,169.8,-1.21,0,140.1
QStE380TM,12,4,80.3,171.2,-1.03,0,218.2
QStE380TM,12,4,80.3,172.7,-0.85,0,296.4
QStE380TM,12,4,80.3,174.2,-0.67,0,374.6
QStE380TM,12,4,80.3,175.5,-0.51,0,452.8
QStE380TM,12,4,80.3,176.9,-0.34,0,530.9
QStE380TM,12,4,80.3,178.3,-0.18,0,609.1
QStE380TM,12,4,80.3,179.7,-0.03,0,687.3
QStE380TM,12,4,82.5,86.7,-22.46,-15.54,10.4
QStE380TM,12,4,82.5,87.7,-21.95,-19.55,10.6
QStE380TM,12,4,82.5,88.7,-21.41,-20.08,10.8
QStE380TM,12,4,82.5,89.7,-20.91,-20.62,10.9
QStE380TM,12,4,82.5,90,-20.79,-20.79,10.9
QStE380TM,12,4,82.5,90.8,-20.41,0,11
QStE380TM,12,4,82.5,91.9,-19.88,0,11.1
QStE380TM,12,4,82.5,92.9,-19.41,0,11.2
QStE380TM,12,4,82.5,94,-18.93,0,11.4
QStE380TM,12,4,82.5,95.2,-18.42,0,11.5
QStE380TM,12,4,82.5,96.3,-17.96,0,11.6
QStE380TM,12,4,82.5,97.4,-17.5,0,11.8
QStE380TM,12,4,82.5,98.6,-17.01,0,11.9
QStE380TM,12,4,82.5,99.7,-16.57,0,12.1
QStE380TM,12,4,82.5,100.9,-16.13,0,12.2
QStE380TM,12,4,82.5,102.1,-15.7,0,12.4
QStE380TM,12,4,82.5,103.3,-15.24,0,12.6
QStE380TM,12,4,82.5,104.5,-14.82,0,12.8
QStE380TM,12,4,82.5,105,-14.65,0,12.9
QStE380TM,12,4,82.5,105.7,-14.4,0,13
QStE380TM,12,4,82.5,106.9,-14,0,13.2
QStE380TM,12,4,82.5,108.2,-13.59,0,13.5
QStE380TM,12,4,82.5,109.5,-13.15,0,13.8
QStE380TM,12,4,82.5,110.8,-12.76,0,14
QStE380TM,12,4,82.5,112.1,-12.37,0,14.3
QStE380TM,12,4,82.5,113.4,-11.98,0,14.7
QStE380TM,12,4,82.5,114.7,-11.61,0,14.9
QStE380TM,12,4,82.5,116,-11.23,0,15.1
QStE380TM,12,4,82.5,117.4,-10.84,0,15.4
QStE380TM,12,4,82.5,118.8,-10.48,0,15.7
QStE380TM,12,4,82.5,120,-10.17,0,16.2
QStE380TM,12,4,82.5,120.1,-10.13,0,16.2
QStE380TM,12,4,82.5,121.5,-9.78,0,16.5
QStE380TM,12,4,82.5,122.9,-9.44,0,17
QStE380TM,12,4,82.5,124.3,-9.11,0,17.5
QStE380TM,12,4,82.5,125.7,-8.78,0,18.1
QStE380TM,12,4,82.5,127.1,-8.45,0,18.6
QStE380TM,12,4,82.5,128.5,-8.12,0,19.1
QStE380TM,12,4,82.5,130,-7.81,0,19.6
QStE380TM,12,4,82.5,131.4,-7.5,0,20.1
QStE380TM,12,4,82.5,132.8,-7.2,0,20.6
QStE380TM,12,4,82.5,134.3,-6.9,0,21.1
QStE380TM,12,4,82.5,135,-6.75,0,21.6
QStE380TM,12,4,82.5,135.7,-6.61,0,22.2
QStE380TM,12,4,82.5,137.2,-6.32,0,22.9
QStE380TM,12,4,82.5,138.6,-6.04,0,24.1
QStE380TM,12,4,82.5,140.1,-5.76,0,25.5
QStE380TM,12,4,82.5,141.6,-5.48,0,26.7
QStE380TM,12,4,82.5,143.1,-5.22,0,28.2
QStE380TM,12,4,82.5,144.6,-4.95,0,29.6
QStE380TM,12,4,82.5,146,-4.69,0,31
QStE380TM,12,4,82.5,147.5,-4.44,0,32.5
QStE380TM,12,4,82.5,149.1,-4.18,0,34
QStE380TM,12,4,82.5,150,-4.04,0,35.6
QStE380TM,12,4,82.5,150.6,-3.94,0,37.4
QStE380TM,12,4,82.5,152.1,-3.7,0,39.2
QStE380TM,12,4,82.5,153.6,-3.47,0,41
QStE380TM,12,4,82.5,155.1,-3.24,0,45.7
QStE380TM,12,4,82.5,156.5,-3.02,0,50.4
QStE380TM,12,4,82.5,158,-2.8,0,55.1
QStE380TM,12,4,82.5,159.5,-2.58,0,61.8
QStE380TM,12,4,82.5,161,-2.37,0,68.4
QStE380TM,12,4,82.5,162.4,-2.17,0,75.1
QStE380TM,12,4,82.5,164,-1.96,0,81.6
QStE380TM,12,4,82.5,165.4,-1.77,0,96.3
QStE380TM,12,4,82.5,166.9,-1.58,0,110.9
QStE380TM,12,4,82.5,168.4,-1.39,0,125.5
QStE380TM,12,4,82.5,169.8,-1.21,0,140.1
QStE380TM,12,4,82.5,171.2,-1.03,0,218.2
QStE380TM,12,4,82.5,172.7,-0.85,0,296.4
QStE380TM,12,4,82.5,174.2,-0.67,0,374.6
QStE380TM,12,4,82.5,175.5,-0.51,0,452.8
QStE380TM,12,4,82.5,176.9,-0.34,0,530.9
QStE380TM,12,4,82.5,178.3,-0.18,0,609.1
QStE380TM,12,4,82.5,179.7,-0.03,0,687.3
QStE380TM,15,4,100,90,-25.76,-25.76,13.5
QStE380TM,15,4,100,90.7,-25.56,0,13.7
QStE380TM,15,4,100,91.6,-25.03,0,14.1
QStE380TM,15,4,100,94.1,-23.59,0,14.4
QStE380TM,15,4,100,96.8,-22.15,0,14.7
QStE380TM,15,4,100,99.6,-20.79,0,15.6
QStE380TM,15,4,100,102.4,-19.47,0,15.8
QStE380TM,15,4,100,105,-18.31,0,16.4
QStE380TM,15,4,100,105.3,-18.19,0,16.5
QStE380TM,15,4,100,108.2,-16.96,0,17
QStE380TM,15,4,100,111.3,-15.77,0,17.6
QStE380TM,15,4,100,114.4,-14.62,0,18.9
QStE380TM,15,4,100,117.6,-13.51,0,19.6
QStE380TM,15,4,100,120,-12.72,0,20.2
QStE380TM,15,4,100,120.8,-12.46,0,20.5
QStE380TM,15,4,100,124.1,-11.45,0,21.6
QStE380TM,15,4,100,127.4,-10.47,0,22.7
QStE380TM,15,4,100,133,-8.94,0,25.3
QStE380TM,15,4,100,135,-8.44,0,26.9
QStE380TM,15,4,100,136.5,-8.07,0,28.5
QStE380TM,15,4,100,140,-7.23,0,30.8
QStE380TM,15,4,100,143.4,-6.43,0,33
QStE380TM,15,4,100,146.9,-5.67,0,39.3
QStE380TM,15,4,100,150,-5.04,0,43.1
QStE380TM,15,4,100,150.4,-4.95,0,49.3
QStE380TM,15,4,100,156.3,-3.82,0,57.5
QStE380TM,15,4,100,159.7,-3.18,0,65.7
QStE380TM,15,4,100,163.2,-2.58,0,98.6
QStE380TM,15,4,100,166.7,-2,0,138.4
QStE380TM,15,4,100,170.1,-1.46,0,178
QStE380TM,15,4,100,173.5,-0.94,0,312.9
QStE380TM,15,4,100,176.8,-0.45,0,448
QStE380TM,15,4,100,179.9,-0.01,0,582.8
QStE380TM,15,4,100.3,90,-25.76,-25.76,13.5
QStE380TM,15,4,100.3,90.7,-25.56,0,13.7
QStE380TM,15,4,100.3,91.6,-25.03,0,14.1
QStE380TM,15,4,100.3,94.1,-23.59,0,14.4
QStE380TM,15,4,100.3,96.8,-22.15,0,14.7
QStE380TM,15,4,100.3,99.6,-20.79,0,15.6
QStE380TM,15,4,100.3,102.4,-19.47,0,15.8
QStE380TM,15,4,100.3,105,-18.31,0,16.4
QStE380TM,15,4,100.3,105.3,-18.19,0,16.5
QStE380TM,15,4,100.3,108.2,-16.96,0,17
QStE380TM,15,4,100.3,111.3,-15.77,0,17.6
QStE380TM,15,4,100.3,114.4,-14.62,0,18.9
QStE380TM,15,4,100.3,117.6,-13.51,0,19.6
QStE380TM,15,4,100.3,120,-12.72,0,20.2
QStE380TM,15,4,100.3,120.8,-12.46,0,20.5
QStE380TM,15,4,100.3,124.1,-11.45,0,21.6
QStE380TM,15,4,100.3,127.4,-10.47,0,22.7
QStE380TM,15,4,100.3,133,-8.94,0,25.3
QStE380TM,15,4,100.3,135,-8.44,0,26.9
QStE380TM,15,4,100.3,136.5,-8.07,0,28.5
QStE380TM,15,4,100.3,140,-7.23,0,30.8
QStE380TM,15,4,100.3,143.4,-6.43,0,33
QStE380TM,15,4,100.3,146.9,-5.67,0,39.3
QStE380TM,15,4,100.3,150,-5.04,0,43.1
QStE380TM,15,4,100.3,150.4,-4.95,0,49.3
QStE380TM,15,4,100.3,156.3,-3.82,0,57.5
QStE380TM,15,4,100.3,159.7,-3.18,0,65.7
QStE380TM,15,4,100.3,163.2,-2.58,0,98.6
QStE380TM,15,4,100.3,166.7,-2,0,138.4
QStE380TM,15,4,100.3,170.1,-1.46,0,178
QStE380TM,15,4,100.3,173.5,-0.94,0,312.9
QStE380TM,15,4,100.3,176.8,-0.45,0,448
QStE380TM,15,4,100.3,179.9,-0.01,0,582.8
QStE380TM,15,4,103.1,90,-25.76,-25.76,13.5
QStE380TM,15,4,103.1,90.7,-25.56,0,13.7
QStE380TM,15,4,103.1,91.6,-25.03,0,14.1
QStE380TM,15,4,103.1,94.1,-23.59,0,14.4
QStE380TM,15,4,103.1,96.8,-22.15,0,14.7
QStE380TM,15,4,103.1,99.6,-20.79,0,15.6
QStE380TM,15,4,103.1,102.4,-19.47,0,15.8
QStE380TM,15,4,103.1,105,-18.31,0,16.4
QStE380TM,15,4,103.1,105.3,-18.19,0,16.5
QStE380TM,15,4,103.1,108.2,-16.96,0,17
QStE380TM,15,4,103.1,111.3,-15.77,0,17.6
QStE380TM,15,4,103.1,114.4,-14.62,0,18.9
QStE380TM,15,4,103.1,117.6,-13.51,0,19.6
QStE380TM,15,4,103.1,120,-12.72,0,20.2
QStE380TM,15,4,103.1,120.8,-12.46,0,20.5
QStE380TM,15,4,103.1,124.1,-11.45,0,21.6
QStE380TM,15,4,103.1,127.4,-10.47,0,22.7
QStE380TM,15,4,103.1,133,-8.94,0,25.3
QStE380TM,15,4,103.1,135,-8.44,0,26.9
QStE380TM,15,4,103.1,136.5,-8.07,0,28.5
QStE380TM,15,4,103.1,140,-7.23,0,30.8
QStE380TM,15,4,103.1,143.4,-6.43,0,33
QStE380TM,15,4,103.1,146.9,-5.67,0,39.3
QStE380TM,15,4,103.1,150,-5.04,0,43.1
QStE380TM,15,4,103.1,150.4,-4.95,0,49.3
QStE380TM,15,4,103.1,156.3,-3.82,0,57.5
QStE380TM,15,4,103.1,159.7,-3.18,0,65.7
QStE380TM,15,4,103.1,163.2,-2.58,0,98.6
QStE380TM,15,4,103.1,166.7,-2,0,138.4
QStE380TM,15,4,103.1,170.1,-1.46,0,178
QStE380TM,15,4,103.1,173.5,-0.94,0,312.9
QStE380TM,15,4,103.1,176.8,-0.45,0,448
QStE380TM,15,4,103.1,179.9,-0.01,0,582.8
QStE380TM,15,4,80,88.7,-26,-24.37,10.7
QStE380TM,15,4,80,89.9,-25.29,-25.09,10.9
QStE380TM,15,4,80,90,-25.21,-25.21,11.1
QStE380TM,15,4,80,90.9,-24.72,0,11.1
QStE380TM,15,4,80,92,-24.09,0,11.3
QStE380TM,15,4,80,93.3,-23.38,0,11.5
QStE380TM,15,4,80,94.5,-22.77,0,11.7
QStE380TM,15,4,80,95.6,-22.22,0,11.9
QStE380TM,15,4,80,96.8,-21.62,0,12
QStE380TM,15,4,80,98.2,-20.94,0,12.2
QStE380TM,15,4,80,99.4,-20.38,0,12.4
QStE380TM,15,4,80,100.6,-19.82,0,12.6
QStE380TM,15,4,80,102,-19.22,0,12.9
QStE380TM,15,4,80,103.2,-18.68,0,13.1
QStE380TM,15,4,80,104.5,-18.14,0,13.3
QStE380TM,15,4,80,105,-17.94,0,13.6
QStE380TM,15,4,80,105.8,-17.62,0,13.8
QStE380TM,15,4,80,107.2,-17.06,0,14
QStE380TM,15,4,80,108.5,-16.55,0,14.3
QStE380TM,15,4,80,109.8,-16.05,0,14.6
QStE380TM,15,4,80,111.3,-15.53,0,14.9
QStE380TM,15,4,80,112.7,-15,0,15.3
QStE380TM,15,4,80,114.1,-14.52,0,15.7
QStE380TM,15,4,80,115.5,-14.05,0,16
QStE380TM,15,4,80,116.9,-13.58,0,16.3
QStE380TM,15,4,80,118.3,-13.11,0,16.6
QStE380TM,15,4,80,119.8,-12.66,0,16.9
QStE380TM,15,4,80,120,-12.58,0,17.3
QStE380TM,15,4,80,121.2,-12.21,0,17.7
QStE380TM,15,4,80,122.6,-11.77,0,18.2
QStE380TM,15,4,80,124.1,-11.34,0,18.7
QStE380TM,15,4,80,125.6,-10.92,0,19.2
QStE380TM,15,4,80,127,-10.5,0,20
QStE380TM,15,4,80,128.5,-10.1,0,20.8
QStE380TM,15,4,80,130.1,-9.67,0,21.6
QStE380TM,15,4,80,131.6,-9.28,0,22.3
QStE380TM,15,4,80,133.1,-8.89,0,22.9
QStE380TM,15,4,80,134.6,-8.51,0,23.6
QStE380TM,15,4,80,135,-5.04,0,24.2
QStE380TM,15,4,80,136.1,-8.13,0,24.9
QStE380TM,15,4,80,137.6,-7.76,0,26.5
QStE380TM,15,4,80,139.2,-7.4,0,28.1
QStE380TM,15,4,80,140.7,-7.04,0,29.6
QStE380TM,15,4,80,142.3,-6.68,0,31.4
QStE380TM,15,4,80,143.8,-6.35,0,33.2
QStE380TM,15,4,80,145.3,-6.02,0,35
QStE380TM,15,4,80,146.9,-5.69,0,36.8
QStE380TM,15,4,80,148.4,-5.37,0,38.4
QStE380TM,15,4,80,149.9,-5.06,0,39.9
QStE380TM,15,4,80,150,-5.04,0,41.5
QStE380TM,15,4,80,151.4,-4.74,0,44.6
QStE380TM,15,4,80,153,-4.44,0,47.7
QStE380TM,15,4,80,154.5,-4.15,0,52.5
QStE380TM,15,4,80,156.1,-3.86,0,57.4
QStE380TM,15,4,80,157.6,-3.58,0,62.3
QStE380TM,15,4,80,159.1,-3.31,0,67.1
QStE380TM,15,4,80,160.6,-3.04,0,76.7
QStE380TM,15,4,80,162.1,-2.77,0,86.3
QStE380TM,15,4,80,163.6,-2.52,0,95.9
QStE380TM,15,4,80,165.1,-2.27,0,105.6
QStE380TM,15,4,80,166.6,-2.02,0,137.5
QStE380TM,15,4,80,168.1,-1.78,0,169.4
QStE380TM,15,4,80,169.6,-1.55,0,201.3
QStE380TM,15,4,80,171,-1.32,0,286
QStE380TM,15,4,80,172.5,-1.09,0,370.7
QStE380TM,15,4,80,174,-0.87,0,455.4
QStE380TM,15,4,80,175.4,-0.65,0,540.1
QStE380TM,15,4,80,176.8,-0.45,0,624.8
QStE380TM,15,4,80,178.2,-0.25,0,709.5
QStE380TM,15,4,80,179.6,-0.05,0,794.2
QStE380TM,15,4,80.3,88.7,-26,-24.37,10.7
QStE380TM,15,4,80.3,89.9,-25.29,-25.09,10.9
QStE380TM,15,4,80.3,90,-25.21,-25.21,11.1
QStE380TM,15,4,80.3,90.9,-24.72,0,11.1
QStE380TM,15,4,80.3,92,-24.09,0,11.3
QStE380TM,15,4,80.3,93.3,-23.38,0,11.5
QStE380TM,15,4,80.3,94.5,-22.77,0,11.7
QStE380TM,15,4,80.3,95.6,-22.22,0,11.9
QStE380TM,15,4,80.3,96.8,-21.62,0,12
QStE380TM,15,4,80.3,98.2,-20.94,0,12.2
QStE380TM,15,4,80.3,99.4,-20.38,0,12.4
QStE380TM,15,4,80.3,100.6,-19.82,0,12.6
QStE380TM,15,4,80.3,102,-19.22,0,12.9
QStE380TM,15,4,80.3,103.2,-18.68,0,13.1
QStE380TM,15,4,80.3,104.5,-18.14,0,13.3
QStE380TM,15,4,80.3,105,-17.94,0,13.6
QStE380TM,15,4,80.3,105.8,-17.62,0,13.8
QStE380TM,15,4,80.3,107.2,-17.06,0,14
QStE380TM,15,4,80.3,108.5,-16.55,0,14.3
QStE380TM,15,4,80.3,109.8,-16.05,0,14.6
QStE380TM,15,4,80.3,111.3,-15.53,0,14.9
QStE380TM,15,4,80.3,112.7,-15,0,15.3
QStE380TM,15,4,80.3,114.1,-14.52,0,15.7
QStE380TM,15,4,80.3,115.5,-14.05,0,16
QStE380TM,15,4,80.3,116.9,-13.58,0,16.3
QStE380TM,15,4,80.3,118.3,-13.11,0,16.6
QStE380TM,15,4,80.3,119.8,-12.66,0,16.9
QStE380TM,15,4,80.3,120,-12.58,0,17.3
QStE380TM,15,4,80.3,121.2,-12.21,0,17.7
QStE380TM,15,4,80.3,122.6,-11.77,0,18.2
QStE380TM,15,4,80.3,124.1,-11.34,0,18.7
QStE380TM,15,4,80.3,125.6,-10.92,0,19.2
QStE380TM,15,4,80.3,127,-10.5,0,20
QStE380TM,15,4,80.3,128.5,-10.1,0,20.8
QStE380TM,15,4,80.3,130.1,-9.67,0,21.6
QStE380TM,15,4,80.3,131.6,-9.28,0,22.3
QStE380TM,15,4,80.3,133.1,-8.89,0,22.9
QStE380TM,15,4,80.3,134.6,-8.51,0,23.6
QStE380TM,15,4,80.3,135,-5.04,0,24.2
QStE380TM,15,4,80.3,136.1,-8.13,0,24.9
QStE380TM,15,4,80.3,137.6,-7.76,0,26.5
QStE380TM,15,4,80.3,139.2,-7.4,0,28.1
QStE380TM,15,4,80.3,140.7,-7.04,0,29.6
QStE380TM,15,4,80.3,142.3,-6.68,0,31.4
QStE380TM,15,4,80.3,143.8,-6.35,0,33.2
QStE380TM,15,4,80.3,145.3,-6.02,0,35
QStE380TM,15,4,80.3,146.9,-5.69,0,36.8
QStE380TM,15,4,80.3,148.4,-5.37,0,38.4
QStE380TM,15,4,80.3,149.9,-5.06,0,39.9
QStE380TM,15,4,80.3,150,-5.04,0,41.5
QStE380TM,15,4,80.3,151.4,-4.74,0,44.6
QStE380TM,15,4,80.3,153,-4.44,0,47.7
QStE380TM,15,4,80.3,154.5,-4.15,0,52.5
QStE380TM,15,4,80.3,156.1,-3.86,0,57.4
QStE380TM,15,4,80.3,157.6,-3.58,0,62.3
QStE380TM,15,4,80.3,159.1,-3.31,0,67.1
QStE380TM,15,4,80.3,160.6,-3.04,0,76.7
QStE380TM,15,4,80.3,162.1,-2.77,0,86.3
QStE380TM,15,4,80.3,163.6,-2.52,0,95.9
QStE380TM,15,4,80.3,165.1,-2.27,0,105.6
QStE380TM,15,4,80.3,166.6,-2.02,0,137.5
QStE380TM,15,4,80.3,168.1,-1.78,0,169.4
QStE380TM,15,4,80.3,169.6,-1.55,0,201.3
QStE380TM,15,4,80.3,171,-1.32,0,286
QStE380TM,15,4,80.3,172.5,-1.09,0,370.7
QStE380TM,15,4,80.3,174,-0.87,0,455.4
QStE380TM,15,4,80.3,175.4,-0.65,0,540.1
QStE380TM,15,4,80.3,176.8,-0.45,0,624.8
QStE380TM,15,4,80.3,178.2,-0.25,0,709.5
QStE380TM,15,4,80.3,179.6,-0.05,0,794.2
QStE380TM,15,4,82.5,88.7,-26,-24.37,10.7
QStE380TM,15,4,82.5,89.9,-25.29,-25.09,10.9
QStE380TM,15,4,82.5,90,-25.21,-25.21,11.1
QStE380TM,15,4,82.5,90.9,-24.72,0,11.1
QStE380TM,15,4,82.5,92,-24.09,0,11.3
QStE380TM,15,4,82.5,93.3,-23.38,0,11.5
QStE380TM,15,4,82.5,94.5,-22.77,0,11.7
QStE380TM,15,4,82.5,95.6,-22.22,0,11.9
QStE380TM,15,4,82.5,96.8,-21.62,0,12
QStE380TM,15,4,82.5,98.2,-20.94,0,12.2
QStE380TM,15,4,82.5,99.4,-20.38,0,12.4
QStE380TM,15,4,82.5,100.6,-19.82,0,12.6
QStE380TM,15,4,82.5,102,-19.22,0,12.9
QStE380TM,15,4,82.5,103.2,-18.68,0,13.1
QStE380TM,15,4,82.5,104.5,-18.14,0,13.3
QStE380TM,15,4,82.5,105,-17.94,0,13.6
QStE380TM,15,4,82.5,105.8,-17.62,0,13.8
QStE380TM,15,4,82.5,107.2,-17.06,0,14
QStE380TM,15,4,82.5,108.5,-16.55,0,14.3
QStE380TM,15,4,82.5,109.8,-16.05,0,14.6
QStE380TM,15,4,82.5,111.3,-15.53,0,14.9
QStE380TM,15,4,82.5,112.7,-15,0,15.3
QStE380TM,15,4,82.5,114.1,-14.52,0,15.7
QStE380TM,15,4,82.5,115.5,-14.05,0,16
QStE380TM,15,4,82.5,116.9,-13.58,0,16.3
QStE380TM,15,4,82.5,118.3,-13.11,0,16.6
QStE380TM,15,4,82.5,119.8,-12.66,0,16.9
QStE380TM,15,4,82.5,120,-12.58,0,17.3
QStE380TM,15,4,82.5,121.2,-12.21,0,17.7
QStE380TM,15,4,82.5,122.6,-11.77,0,18.2
QStE380TM,15,4,82.5,124.1,-11.34,0,18.7
QStE380TM,15,4,82.5,125.6,-10.92,0,19.2
QStE380TM,15,4,82.5,127,-10.5,0,20
QStE380TM,15,4,82.5,128.5,-10.1,0,20.8
QStE380TM,15,4,82.5,130.1,-9.67,0,21.6
QStE380TM,15,4,82.5,131.6,-9.28,0,22.3
QStE380TM,15,4,82.5,133.1,-8.89,0,22.9
QStE380TM,15,4,82.5,134.6,-8.51,0,23.6
QStE380TM,15,4,82.5,135,-5.04,0,24.2
QStE380TM,15,4,82.5,136.1,-8.13,0,24.9
QStE380TM,15,4,82.5,137.6,-7.76,0,26.5
QStE380TM,15,4,82.5,139.2,-7.4,0,28.1
QStE380TM,15,4,82.5,140.7,-7.04,0,29.6
QStE380TM,15,4,82.5,142.3,-6.68,0,31.4
QStE380TM,15,4,82.5,143.8,-6.35,0,33.2
QStE380TM,15,4,82.5,145.3,-6.02,0,35
QStE380TM,15,4,82.5,146.9,-5.69,0,36.8
QStE380TM,15,4,82.5,148.4,-5.37,0,38.4
QStE380TM,15,4,82.5,149.9,-5.06,0,39.9
QStE380TM,15,4,82.5,150,-5.04,0,41.5
QStE380TM,15,4,82.5,151.4,-4.74,0,44.6
QStE380TM,15,4,82.5,153,-4.44,0,47.7
QStE380TM,15,4,82.5,154.5,-4.15,0,52.5
QStE380TM,15,4,82.5,156.1,-3.86,0,57.4
QStE380TM,15,4,82.5,157.6,-3.58,0,62.3
QStE380TM,15,4,82.5,159.1,-3.31,0,67.1
QStE380TM,15,4,82.5,160.6,-3.04,0,76.7
QStE380TM,15,4,82.5,162.1,-2.77,0,86.3
QStE380TM,15,4,82.5,163.6,-2.52,0,95.9
QStE380TM,15,4,82.5,165.1,-2.27,0,105.6
QStE380TM,15,4,82.5,166.6,-2.02,0,137.5
QStE380TM,15,4,82.5,168.1,-1.78,0,169.4
QStE380TM,15,4,82.5,169.6,-1.55,0,201.3
QStE380TM,15,4,82.5,171,-1.32,0,286
QStE380TM,15,4,82.5,172.5,-1.09,0,370.7
QStE380TM,15,4,82.5,174,-0.87,0,455.4
QStE380TM,15,4,82.5,175.4,-0.65,0,540.1
QStE380TM,15,4,82.5,176.8,-0.45,0,624.8
QStE380TM,15,4,82.5,178.2,-0.25,0,709.5
QStE380TM,15,4,82.5,179.6,-0.05,0,794.2
QStE380TM,15,4,90,90,-25.6,-25.6,12.1
QStE380TM,15,4,90,91.4,-24.76,0,12.3
QStE380TM,15,4,90,93.4,-23.65,0,12.6
QStE380TM,15,4,90,95.3,-22.63,0,12.9
QStE380TM,15,4,90,97.4,-21.57,0,13.2
QStE380TM,15,4,90,100.5,-20.11,0,13.6
QStE380TM,15,4,90,103.8,-18.65,0,14.1
QStE380TM,15,4,90,105,-18.14,0,14.6
QStE380TM,15,4,90,107.1,-17.25,0,15
QStE380TM,15,4,90,110.6,-15.87,0,15.6
QStE380TM,15,4,90,114.1,-14.61,0,16.7
QStE380TM,15,4,90,117.7,-13.39,0,17.6
QStE380TM,15,4,90,120,-12.65,0,18.3
QStE380TM,15,4,90,121.3,-12.22,0,19.3
QStE380TM,15,4,90,125.1,-11.09,0,20.2
QStE380TM,15,4,90,128.9,-10.02,0,22.3
QStE380TM,15,4,90,132.7,-8.99,0,22.6
QStE380TM,15,4,90,135,-8.42,0,24.2
QStE380TM,15,4,90,136.6,-8.02,0,25.9
QStE380TM,15,4,90,140.4,-7.1,0,30.6
QStE380TM,15,4,90,144.3,-6.23,0,34.2
QStE380TM,15,4,90,148.3,-5.38,0,37.8
QStE380TM,15,4,90,150,-5.04,0,42.5
QStE380TM,15,4,90,152.2,-4.6,0,48.7
QStE380TM,15,4,90,156.1,-3.85,0,58.4
QStE380TM,15,4,90,159.9,-3.15,0,68.1
QStE380TM,15,4,90,163.8,-2.49,0,106.6
QStE380TM,15,4,90,167.6,-1.85,0,202.3
QStE380TM,15,4,90,171.4,-1.26,0,371.7
QStE380TM,15,4,90,175.1,-0.71,0,541.1
QStE380TM,15,4,90,178.7,-0.18,0,710.6
QStE380TM,15,4,90,179.8,-0.03,0,880.1
